date,state,cases
2020/3/11,Delaware,1
2020/3/12,Delaware,4
2020/3/13,Delaware,4
2020/3/14,Delaware,4
2020/3/15,Delaware,7
2020/3/16,Delaware,8
2020/3/17,Delaware,16
2020/3/18,Delaware,26
2020/3/19,Delaware,30
2020/3/20,Delaware,39
2020/3/21,Delaware,45
2020/3/22,Delaware,56
2020/3/23,Delaware,87
2020/3/24,Delaware,104
2020/3/25,Delaware,119
2020/3/26,Delaware,143
2020/3/27,Delaware,165
2020/3/28,Delaware,214
2020/3/29,Delaware,232
2020/3/30,Delaware,264
2020/3/31,Delaware,319
2020/4/1,Delaware,368
2020/4/2,Delaware,393
2020/4/3,Delaware,450
2020/4/4,Delaware,593
2020/4/5,Delaware,673
2020/4/6,Delaware,783
2020/4/7,Delaware,928
2020/4/8,Delaware,1116
2020/4/9,Delaware,1209
2020/4/10,Delaware,1326
2020/4/11,Delaware,1479
2020/4/12,Delaware,1625
2020/4/13,Delaware,1761
2020/4/14,Delaware,1926
2020/4/15,Delaware,2014
2020/4/16,Delaware,2075
2020/4/17,Delaware,2323
2020/4/18,Delaware,2538
2020/4/19,Delaware,2538
2020/4/20,Delaware,2745
2020/4/21,Delaware,2931
2020/4/22,Delaware,3200
2020/4/23,Delaware,3308
2020/4/24,Delaware,3442
2020/4/25,Delaware,3576
2020/4/26,Delaware,4034
2020/4/27,Delaware,4162
2020/4/28,Delaware,4575
2020/4/29,Delaware,4655
2020/4/30,Delaware,4734
2020/5/1,Delaware,4918
2020/5/2,Delaware,5038
2020/5/3,Delaware,5208
2020/5/4,Delaware,5288
2020/5/5,Delaware,5371
2020/5/6,Delaware,5778
2020/5/7,Delaware,5939
2020/5/8,Delaware,6083
2020/5/9,Delaware,6277
2020/5/10,Delaware,6447
2020/5/11,Delaware,6565
2020/5/12,Delaware,6741
2020/5/13,Delaware,6952
2020/5/14,Delaware,7223
2020/5/15,Delaware,7373
2020/5/16,Delaware,7547
2020/5/17,Delaware,7670
2020/5/18,Delaware,7869
2020/5/19,Delaware,8037
2020/5/20,Delaware,8194
2020/5/21,Delaware,8386
2020/5/22,Delaware,8529
2020/5/23,Delaware,8690
2020/5/24,Delaware,8809
2020/5/25,Delaware,8965
2020/5/26,Delaware,9066
2020/5/27,Delaware,9096
2020/5/28,Delaware,9171
2020/5/29,Delaware,9236
2020/5/30,Delaware,9422
2020/5/31,Delaware,9498
2020/6/1,Delaware,9605
2020/6/2,Delaware,9685
2020/6/3,Delaware,9712
2020/6/4,Delaware,9746
2020/6/5,Delaware,9773
2020/6/6,Delaware,9845
2020/6/7,Delaware,9942
2020/6/8,Delaware,9972
2020/6/9,Delaware,10020
2020/6/10,Delaware,10056
2020/6/11,Delaware,10106
2020/6/12,Delaware,10173
2020/6/13,Delaware,10229
2020/6/14,Delaware,10264
2020/6/15,Delaware,10340
2020/6/16,Delaware,10403
2020/6/17,Delaware,10444
2020/6/18,Delaware,10499
2020/6/19,Delaware,10611
2020/6/20,Delaware,10681
2020/6/21,Delaware,10775
2020/6/22,Delaware,10820
2020/6/23,Delaware,10847
2020/6/24,Delaware,10889
2020/6/25,Delaware,10980
2020/6/26,Delaware,11017
2020/6/27,Delaware,11091
2020/6/28,Delaware,11226
2020/6/29,Delaware,11376
2020/6/30,Delaware,11474
2020/7/1,Delaware,11510
2020/7/2,Delaware,11731
2020/7/3,Delaware,11923
2020/7/4,Delaware,11996
2020/7/5,Delaware,12128
2020/7/6,Delaware,12293
2020/7/7,Delaware,12414
2020/7/8,Delaware,12462
2020/7/9,Delaware,12531
2020/7/10,Delaware,12652
2020/7/11,Delaware,12743
2020/7/12,Delaware,12804
2020/7/13,Delaware,12879
2020/7/14,Delaware,12969
2020/7/15,Delaware,13050
2020/7/16,Delaware,13114
2020/7/17,Delaware,13337
2020/7/18,Delaware,13429
2020/7/19,Delaware,13519
2020/7/20,Delaware,13624
2020/7/21,Delaware,13746
2020/7/22,Delaware,13792
2020/7/23,Delaware,13924
2020/7/24,Delaware,14202
2020/7/25,Delaware,14175
2020/7/26,Delaware,14290
2020/7/27,Delaware,14406
2020/7/28,Delaware,14476
2020/7/29,Delaware,14602
2020/7/30,Delaware,14689
2020/7/31,Delaware,14788
2020/8/1,Delaware,14877
2020/8/2,Delaware,14949
2020/8/3,Delaware,15055
2020/8/4,Delaware,15137
2020/8/5,Delaware,15296
2020/8/6,Delaware,15365
2020/8/7,Delaware,15445
2020/8/8,Delaware,15502
2020/8/9,Delaware,15575
2020/8/10,Delaware,15634
2020/8/11,Delaware,15699
2020/8/12,Delaware,15765
2020/8/13,Delaware,15967
2020/8/14,Delaware,16340
2020/8/15,Delaware,16396
2020/8/16,Delaware,16451
2020/8/17,Delaware,16536
2020/8/18,Delaware,16593
2020/8/19,Delaware,16643
2020/8/20,Delaware,16718
2020/8/21,Delaware,16770
2020/8/22,Delaware,16828
2020/8/23,Delaware,16895
2020/8/24,Delaware,16942
2020/8/25,Delaware,16962
2020/8/26,Delaware,16986
2020/8/27,Delaware,16976
2020/8/28,Delaware,17083
2020/8/29,Delaware,17349
2020/8/30,Delaware,17343
2020/8/31,Delaware,17429
2020/9/1,Delaware,17535
2020/9/2,Delaware,17549
2020/9/3,Delaware,17653
2020/9/4,Delaware,17752
2020/9/5,Delaware,17892
2020/9/6,Delaware,18043
2020/9/7,Delaware,18249
2020/9/8,Delaware,18308
2020/9/9,Delaware,18308
2020/9/10,Delaware,18466
2020/9/11,Delaware,18559
2020/9/12,Delaware,18726
2020/9/13,Delaware,18849
2020/9/14,Delaware,18937
2020/9/15,Delaware,19137
2020/9/16,Delaware,19234
2020/9/17,Delaware,19318
2020/9/18,Delaware,19366
2020/9/19,Delaware,19449
2020/9/20,Delaware,19566
2020/9/21,Delaware,19667
2020/9/22,Delaware,19761
2020/9/23,Delaware,19830
2020/9/24,Delaware,19947
2020/9/25,Delaware,20085
2020/9/26,Delaware,20156
2020/9/27,Delaware,20260
2020/9/28,Delaware,20389
2020/9/29,Delaware,20531
2020/9/30,Delaware,20613
2020/10/1,Delaware,20787
2020/10/2,Delaware,20937
2020/10/3,Delaware,21125
2020/10/4,Delaware,21243
2020/10/5,Delaware,21363
2020/10/6,Delaware,21466
2020/10/7,Delaware,21550
2020/10/8,Delaware,21682
2020/10/9,Delaware,21827
2020/10/10,Delaware,21998
2020/10/11,Delaware,22130
2020/10/12,Delaware,22289
2020/10/13,Delaware,22394
2020/10/14,Delaware,22465
2020/10/15,Delaware,22560
2020/10/16,Delaware,22724
2020/10/17,Delaware,22942
2020/10/18,Delaware,23093
2020/10/19,Delaware,23196
2020/10/20,Delaware,23325
2020/10/21,Delaware,23375
2020/10/22,Delaware,23528
2020/10/23,Delaware,23687
2020/10/24,Delaware,23847
2020/10/25,Delaware,23961
2020/10/26,Delaware,24168
2020/10/27,Delaware,24249
2020/10/28,Delaware,24392
2020/10/29,Delaware,24553
2020/10/30,Delaware,24751
2020/10/31,Delaware,24951
2020/11/1,Delaware,25126
2020/11/2,Delaware,25311
2020/11/3,Delaware,25426
2020/11/4,Delaware,25534
2020/11/5,Delaware,25753
2020/11/6,Delaware,26035
2020/11/7,Delaware,26258
2020/11/8,Delaware,26603
2020/11/9,Delaware,26908
2020/11/10,Delaware,27112
2020/11/11,Delaware,27342
2020/11/12,Delaware,27546
2020/11/13,Delaware,28016
2020/11/14,Delaware,28395
2020/11/15,Delaware,28803
2020/11/16,Delaware,29200
2020/11/17,Delaware,29552
2020/11/18,Delaware,29755
2020/11/19,Delaware,30153
2020/11/20,Delaware,30816
2020/11/21,Delaware,31321
2020/11/22,Delaware,31808
2020/11/23,Delaware,32211
2020/11/24,Delaware,32664
2020/11/25,Delaware,32995
2020/11/26,Delaware,33579
2020/11/27,Delaware,34170
2020/11/28,Delaware,34670
2020/11/29,Delaware,35251
2020/11/30,Delaware,35654
2020/12/1,Delaware,36343
2020/12/2,Delaware,36698
2020/12/3,Delaware,37456
2020/12/4,Delaware,38398
2020/12/5,Delaware,39096
2020/12/6,Delaware,39912
2020/12/7,Delaware,40711
2020/12/8,Delaware,41464
2020/12/9,Delaware,42393
2020/12/10,Delaware,43036
2020/12/11,Delaware,43818
2020/12/12,Delaware,44876
2020/12/13,Delaware,45460
2020/12/14,Delaware,46457
2020/12/15,Delaware,47142
2020/12/16,Delaware,47929
2020/12/17,Delaware,48768
2020/12/18,Delaware,49109
2020/12/19,Delaware,50136
2020/12/20,Delaware,50616
2020/12/21,Delaware,51056
2020/12/22,Delaware,51623
2020/12/23,Delaware,52235
2020/12/24,Delaware,53015
2020/12/25,Delaware,53653
2020/12/26,Delaware,54473
2020/12/27,Delaware,55057
2020/12/28,Delaware,55488
2020/12/29,Delaware,56189
2020/12/30,Delaware,56596
2020/12/31,Delaware,57456
2021/1/1,Delaware,58064
2021/1/2,Delaware,58873
2021/1/3,Delaware,59484
2021/1/4,Delaware,60333
2021/1/5,Delaware,61100
2021/1/6,Delaware,61729
2021/1/7,Delaware,62949
2021/1/8,Delaware,63503
2021/1/9,Delaware,64475
2021/1/10,Delaware,65273
2021/1/11,Delaware,65827
2021/1/12,Delaware,66446
2021/1/13,Delaware,67173
2021/1/14,Delaware,68065
2021/1/15,Delaware,68727
2021/1/16,Delaware,69372
2021/1/17,Delaware,70294
2021/1/18,Delaware,70910
2021/1/19,Delaware,71311
2021/1/20,Delaware,71775
2021/1/21,Delaware,72523
2021/1/22,Delaware,73233
2021/1/23,Delaware,73915
2021/1/24,Delaware,74575
2021/1/25,Delaware,75191
2021/1/26,Delaware,75490
2021/1/27,Delaware,75832
2021/1/28,Delaware,76495
2021/1/29,Delaware,76935
2021/1/30,Delaware,77551
2021/1/31,Delaware,78071
2021/2/1,Delaware,78495
2021/2/2,Delaware,78696
2021/2/3,Delaware,78982
2021/2/4,Delaware,79225
2021/2/5,Delaware,79546
2021/2/6,Delaware,79832
2021/2/7,Delaware,80594
2021/2/8,Delaware,80931
2021/2/9,Delaware,81210
2021/2/10,Delaware,81461
2021/2/11,Delaware,81875
2021/2/12,Delaware,82263
2021/2/13,Delaware,82672
2021/2/14,Delaware,83003
2021/2/15,Delaware,83239
2021/2/16,Delaware,83369
2021/2/17,Delaware,83581
2021/2/18,Delaware,83852
2021/2/19,Delaware,84181
2021/2/20,Delaware,84531
2021/2/21,Delaware,84732
2021/2/22,Delaware,85090
2021/2/23,Delaware,85228
2021/2/24,Delaware,85506
2021/2/25,Delaware,85801
2021/2/26,Delaware,86098
2021/2/27,Delaware,86517
2021/2/28,Delaware,86799
2021/3/1,Delaware,87080
2021/3/2,Delaware,87193
2021/3/3,Delaware,87425
2021/3/4,Delaware,87643
2021/3/5,Delaware,87874
2021/3/6,Delaware,88139
2021/3/7,Delaware,88354
2021/3/8,Delaware,88563
2021/3/9,Delaware,88679
2021/3/10,Delaware,88891
2021/3/11,Delaware,89680
2021/3/12,Delaware,89911
2021/3/13,Delaware,90156
2021/3/14,Delaware,90381
2021/3/15,Delaware,90614
2021/3/16,Delaware,90751
2021/3/17,Delaware,91123
2021/3/18,Delaware,91425
2021/3/19,Delaware,91635
2021/3/20,Delaware,91942
2021/3/21,Delaware,92287
2021/3/22,Delaware,92429
2021/3/23,Delaware,92609
2021/3/24,Delaware,92819
2021/3/25,Delaware,93038
2021/3/26,Delaware,93325
2021/3/27,Delaware,93701
2021/3/28,Delaware,94062
2021/3/29,Delaware,94402
2021/3/30,Delaware,94573
2021/3/31,Delaware,94802
2021/4/1,Delaware,95188
2021/4/2,Delaware,95590
2021/4/3,Delaware,96077
2021/4/4,Delaware,96376
2021/4/5,Delaware,96577
2021/4/6,Delaware,96806
2021/4/7,Delaware,97042
2021/4/8,Delaware,97404
2021/4/9,Delaware,97784
2021/4/10,Delaware,98203
2021/4/11,Delaware,98570
2021/4/12,Delaware,98925
2021/4/13,Delaware,99135
2021/4/14,Delaware,99515
2021/4/15,Delaware,99915
2021/4/16,Delaware,100322
2021/4/17,Delaware,100777
2021/4/18,Delaware,101158
2021/4/19,Delaware,101547
2021/4/20,Delaware,101707
2021/4/21,Delaware,101993
2021/4/22,Delaware,102267
2021/4/23,Delaware,102593
2021/4/24,Delaware,102927
2021/4/25,Delaware,103222
2021/4/26,Delaware,103459
2021/4/27,Delaware,103603
2021/4/28,Delaware,103844
2021/4/29,Delaware,104038
2021/4/30,Delaware,104405
2021/5/1,Delaware,104621
2021/5/2,Delaware,104909
2021/5/3,Delaware,105067
2021/5/4,Delaware,105204
2021/5/5,Delaware,105401
2021/5/6,Delaware,105572
2021/5/7,Delaware,105775
2021/5/8,Delaware,105948
2021/5/9,Delaware,106148
2021/5/10,Delaware,106252
2021/5/11,Delaware,106341
2021/5/12,Delaware,106455
2021/5/13,Delaware,106580
2021/5/14,Delaware,106715
2021/5/15,Delaware,106873
2021/5/16,Delaware,107007
2021/5/17,Delaware,107089
2021/5/18,Delaware,107175
2021/5/19,Delaware,107928
2021/5/20,Delaware,108031
2021/5/21,Delaware,108166
2021/5/22,Delaware,108280
2021/5/23,Delaware,108365
2021/5/24,Delaware,108409
2021/5/25,Delaware,108483
2021/5/26,Delaware,108532
2021/5/27,Delaware,108607
2021/5/28,Delaware,108681
2021/5/29,Delaware,108770
2021/5/30,Delaware,108821
2021/5/31,Delaware,108866
2021/6/1,Delaware,108894
2021/6/2,Delaware,108911
2021/6/3,Delaware,108957
2021/6/4,Delaware,109005
2021/6/5,Delaware,109070
2021/6/6,Delaware,109126
2021/6/7,Delaware,109167
2021/6/8,Delaware,109188
2021/6/9,Delaware,109225
2021/6/10,Delaware,109258
2021/6/11,Delaware,109296
2021/6/12,Delaware,109322
2021/6/13,Delaware,109358
2021/6/14,Delaware,109379
2021/6/15,Delaware,109421
2021/6/16,Delaware,109418
2021/6/17,Delaware,109470
2021/6/18,Delaware,109501
2021/6/19,Delaware,109528
2021/6/20,Delaware,109548
2021/6/21,Delaware,109564
2021/6/22,Delaware,109577
2021/6/23,Delaware,109599
2021/6/24,Delaware,109620
2021/6/25,Delaware,109636
2021/6/26,Delaware,109657
2021/6/27,Delaware,109682
2021/6/28,Delaware,109700
2021/6/29,Delaware,109712
2021/6/30,Delaware,109744
2021/7/1,Delaware,109770
2021/7/2,Delaware,109820
2021/7/3,Delaware,109846
2021/7/4,Delaware,109875
2021/7/5,Delaware,109891
2021/7/6,Delaware,109900
2021/7/7,Delaware,109900
2021/7/8,Delaware,109931
2021/7/9,Delaware,109986
2021/7/10,Delaware,110019
2021/7/11,Delaware,110074
2021/7/12,Delaware,110093
2021/7/13,Delaware,110112
2021/7/14,Delaware,110182
2021/7/15,Delaware,110231
2021/7/16,Delaware,110270
2021/7/17,Delaware,110339
2021/7/18,Delaware,110387
2021/7/19,Delaware,110423
2021/7/20,Delaware,110457
2021/7/21,Delaware,110502
2021/7/22,Delaware,110573
2021/7/23,Delaware,110638
2021/7/24,Delaware,110729
2021/7/25,Delaware,110797
2021/7/26,Delaware,110862
2021/7/27,Delaware,110943
2021/7/28,Delaware,111016
2021/7/29,Delaware,111129
2021/7/30,Delaware,111275
2021/7/31,Delaware,111407
2021/8/1,Delaware,111563
2021/8/2,Delaware,111681
2021/8/3,Delaware,111762
2021/8/4,Delaware,111884
2021/8/5,Delaware,112070
2021/8/6,Delaware,112298
2021/8/7,Delaware,112558
2021/8/8,Delaware,112772
2021/8/9,Delaware,112967
2021/8/10,Delaware,113090
2021/8/11,Delaware,113251
2021/8/12,Delaware,113582
2021/8/13,Delaware,113853
2021/8/14,Delaware,114187
2021/8/15,Delaware,114486
2021/8/16,Delaware,114770
2021/8/17,Delaware,114912
2021/8/18,Delaware,115236
2021/8/19,Delaware,115665
2021/8/20,Delaware,116073
2021/8/21,Delaware,116461
2021/8/22,Delaware,116771
2021/8/23,Delaware,117051
2021/8/24,Delaware,117246
2021/8/25,Delaware,117587
2021/8/26,Delaware,118016
2021/8/27,Delaware,118544
2021/8/28,Delaware,118926
2021/8/29,Delaware,119226
2021/8/30,Delaware,119620
2021/8/31,Delaware,119852
2021/9/1,Delaware,120180
2021/9/2,Delaware,120727
2021/9/3,Delaware,121283
2021/9/4,Delaware,121744
2021/9/5,Delaware,122111
2021/9/6,Delaware,122370
2021/9/7,Delaware,122718
2021/9/8,Delaware,122956
2021/9/9,Delaware,123308
2021/9/10,Delaware,123958
2021/9/11,Delaware,124575
2021/9/12,Delaware,125105
2021/9/13,Delaware,125549
2021/9/14,Delaware,125798
2021/9/15,Delaware,126050
2021/9/16,Delaware,126604
2021/9/17,Delaware,127222
2021/9/18,Delaware,127803
2021/9/19,Delaware,128253
2021/9/20,Delaware,128692
2021/9/21,Delaware,128964
2021/9/22,Delaware,129231
2021/9/23,Delaware,129874
2021/9/24,Delaware,130444
2021/9/25,Delaware,131043
2021/9/26,Delaware,131424
2021/9/27,Delaware,131848
2021/9/28,Delaware,132138
2021/9/29,Delaware,132432
2021/9/30,Delaware,132963
2021/10/1,Delaware,133599
2021/10/2,Delaware,134217
2021/10/3,Delaware,134619
2021/10/4,Delaware,134984
2021/10/5,Delaware,135267
2021/10/6,Delaware,135695
2021/10/7,Delaware,136166
2021/10/8,Delaware,136682
2021/10/9,Delaware,137288
2021/10/10,Delaware,137599
2021/10/11,Delaware,137958
2021/10/12,Delaware,138123
2021/10/13,Delaware,138444
2021/10/14,Delaware,138938
2021/10/15,Delaware,139380
2021/10/16,Delaware,139874
2021/10/17,Delaware,139874
2021/10/18,Delaware,140462
2021/10/19,Delaware,140651
2021/10/20,Delaware,140944
2021/10/21,Delaware,141323
2021/10/22,Delaware,141717
2021/10/23,Delaware,142058
2021/10/24,Delaware,142354
2021/10/25,Delaware,142600
2021/10/26,Delaware,142707
2021/10/27,Delaware,142969
2021/10/28,Delaware,143281
2021/10/29,Delaware,143563
2021/10/30,Delaware,143950
2021/10/31,Delaware,144198
2021/11/1,Delaware,144397
2021/11/2,Delaware,144473
2021/11/3,Delaware,144755
2021/11/4,Delaware,145056
2021/11/5,Delaware,145056
2021/11/6,Delaware,145612
2021/11/7,Delaware,145903
2021/11/8,Delaware,146139
2021/11/9,Delaware,146207
2021/11/10,Delaware,146484
2021/11/11,Delaware,146800
2021/11/12,Delaware,147233
2021/11/13,Delaware,147533
2021/11/14,Delaware,147875
2021/11/15,Delaware,148149
2021/11/16,Delaware,148293
2021/11/17,Delaware,148674
2021/11/18,Delaware,149096
2021/11/19,Delaware,149566
2021/11/20,Delaware,150046
2021/11/21,Delaware,150385
2021/11/22,Delaware,150625
2021/11/23,Delaware,150876
2021/11/24,Delaware,151164
2021/11/25,Delaware,151655
2021/11/26,Delaware,152165
2021/11/27,Delaware,152407
2021/11/28,Delaware,152670
2021/11/29,Delaware,152904
2021/11/30,Delaware,153190
2021/12/1,Delaware,153762
2021/12/2,Delaware,154413
2021/12/3,Delaware,155149
2021/12/4,Delaware,155922
2021/12/5,Delaware,156454
2021/12/6,Delaware,156887
2021/12/7,Delaware,157175
2021/12/8,Delaware,157751
2021/12/9,Delaware,158600
2021/12/10,Delaware,159399
2021/12/11,Delaware,160124
2021/12/12,Delaware,160768
2021/12/13,Delaware,161359
2021/12/14,Delaware,161650
2021/12/15,Delaware,162331
2021/12/16,Delaware,163021
2021/12/17,Delaware,164092
2021/12/18,Delaware,164923
2021/12/19,Delaware,165621
2021/12/20,Delaware,166292
2021/12/21,Delaware,166820
2021/12/22,Delaware,167493
2021/12/23,Delaware,168631
2021/12/24,Delaware,170009
2021/12/25,Delaware,171563
2021/12/26,Delaware,172827
2021/12/27,Delaware,173258
2021/12/28,Delaware,173824
2021/12/29,Delaware,174909
2021/12/30,Delaware,176863
2021/12/31,Delaware,180366
2022/1/1,Delaware,183880
2022/1/2,Delaware,186996
2022/1/3,Delaware,189382
2022/1/4,Delaware,191649
2022/1/5,Delaware,192968
2022/1/6,Delaware,195600
2022/1/7,Delaware,198507
2022/1/8,Delaware,202236
2022/1/9,Delaware,205640
2022/1/10,Delaware,208340
2022/1/11,Delaware,210437
2022/1/12,Delaware,213993
2022/1/13,Delaware,218486
2022/1/14,Delaware,221811
2022/1/15,Delaware,225094
2022/1/16,Delaware,227594
2022/1/17,Delaware,229759
2022/1/18,Delaware,230876
2022/1/19,Delaware,232132
2022/1/20,Delaware,233843
2022/1/21,Delaware,236022
2022/1/22,Delaware,238501
2022/1/23,Delaware,240179
2022/1/24,Delaware,241367
2022/1/25,Delaware,242324
2022/1/26,Delaware,243202
2022/1/27,Delaware,244730
2022/1/28,Delaware,246037
2022/1/29,Delaware,246959
2022/1/30,Delaware,247638
2022/1/31,Delaware,248111
2022/2/1,Delaware,248447
2022/2/2,Delaware,248910
2022/2/3,Delaware,249716
2022/2/4,Delaware,250311
2022/2/5,Delaware,250756
2022/2/6,Delaware,251192
2022/2/7,Delaware,251467
2022/2/8,Delaware,251669
2022/2/9,Delaware,252068
2022/2/10,Delaware,252567
2022/2/11,Delaware,253010
2022/2/12,Delaware,253292
2022/2/13,Delaware,253534
2022/2/14,Delaware,253748
2022/2/15,Delaware,253881
2022/2/16,Delaware,254083
2022/2/17,Delaware,254441
2022/2/18,Delaware,254719
2022/2/19,Delaware,254946
2022/2/20,Delaware,255096
2022/2/21,Delaware,255210
2022/2/22,Delaware,255287
2022/2/23,Delaware,255385
2022/2/24,Delaware,256207
2022/2/25,Delaware,256337
2022/2/26,Delaware,256447
2022/2/27,Delaware,256551
2022/2/28,Delaware,256621
2022/3/1,Delaware,256656
2022/3/2,Delaware,256753
2022/3/3,Delaware,256895
2022/3/4,Delaware,257065
2022/3/5,Delaware,257181
2022/3/6,Delaware,257270
2022/3/7,Delaware,257325
2022/3/8,Delaware,257367
2022/3/9,Delaware,257438
2022/3/10,Delaware,257848
2022/3/11,Delaware,258024
2022/3/12,Delaware,258116
2022/3/13,Delaware,258185
2022/3/14,Delaware,258226
2022/3/15,Delaware,258287
2022/3/16,Delaware,258347
2022/3/17,Delaware,258428
2022/3/18,Delaware,258513
2022/3/19,Delaware,258595
2022/3/20,Delaware,258671
2022/3/21,Delaware,258709
2022/3/22,Delaware,258737
2022/3/23,Delaware,258803
2022/3/24,Delaware,259003
2022/3/25,Delaware,259185
2022/3/26,Delaware,259287
2022/3/27,Delaware,259374
2022/3/28,Delaware,259405
2022/3/29,Delaware,259453
2022/3/30,Delaware,259539
2022/3/31,Delaware,259647
2022/4/1,Delaware,259746
2022/4/2,Delaware,259848
2022/4/3,Delaware,259927
2022/4/4,Delaware,259977
2022/4/5,Delaware,260024
2022/4/6,Delaware,260119
2022/4/7,Delaware,260291
2022/4/8,Delaware,259008
2022/4/9,Delaware,259118
2022/4/10,Delaware,259259
2022/4/11,Delaware,259346
2022/4/12,Delaware,259419
2022/4/13,Delaware,259570
2022/4/14,Delaware,259796
2022/4/15,Delaware,260041
2022/4/16,Delaware,260041
2022/4/17,Delaware,260041
2022/4/18,Delaware,260476
2022/4/19,Delaware,260566
2022/4/20,Delaware,260735
2022/4/21,Delaware,260918
2022/4/22,Delaware,261118
2022/4/23,Delaware,261399
2022/4/24,Delaware,261399
2022/4/25,Delaware,261660
2022/4/26,Delaware,261762
2022/4/27,Delaware,261958
2022/4/28,Delaware,262211
2022/4/29,Delaware,262461
2022/4/30,Delaware,262461
2022/5/1,Delaware,262461
2022/5/2,Delaware,263164
2022/5/3,Delaware,263269
2022/5/4,Delaware,263479
2022/5/5,Delaware,263963
2022/5/6,Delaware,264376
2022/5/7,Delaware,264376
2022/5/8,Delaware,264376
2022/5/9,Delaware,265472
2022/5/10,Delaware,265707
2022/5/11,Delaware,265707
2022/5/12,Delaware,266673
2022/5/13,Delaware,267265
2022/5/14,Delaware,267265
2022/5/15,Delaware,267265
2022/5/16,Delaware,268945
2022/5/17,Delaware,269198
2022/5/18,Delaware,269818
2022/5/19,Delaware,270491
2022/5/20,Delaware,271294
2022/5/21,Delaware,271294
2022/5/22,Delaware,271294
2022/5/23,Delaware,272907
2022/5/24,Delaware,273207
2022/5/25,Delaware,273722
2022/5/26,Delaware,274286
2022/5/27,Delaware,274899
2022/5/28,Delaware,274899
2022/5/29,Delaware,274899
2022/5/30,Delaware,276454
2022/5/31,Delaware,276639
2022/6/1,Delaware,276771
2022/6/2,Delaware,277187
2022/6/3,Delaware,277666
2022/6/4,Delaware,277666
2022/6/5,Delaware,277666
2022/6/6,Delaware,278609
2022/6/7,Delaware,278877
2022/6/8,Delaware,278877
2022/6/9,Delaware,278877
2022/6/10,Delaware,280252
2022/6/11,Delaware,280252
2022/6/12,Delaware,280252
2022/6/13,Delaware,280252
2022/6/14,Delaware,280252
2022/6/15,Delaware,281347
2022/6/16,Delaware,281624
2022/6/17,Delaware,281986
2022/6/18,Delaware,281986
2022/6/19,Delaware,281986
2022/6/20,Delaware,282743
2022/6/21,Delaware,282909
2022/6/22,Delaware,283017
2022/6/23,Delaware,283370
2022/6/24,Delaware,283632
2022/6/25,Delaware,283632
2022/6/26,Delaware,283632
2022/6/27,Delaware,284334
2022/6/28,Delaware,284461
2022/6/29,Delaware,284733
2022/6/30,Delaware,285046
2022/7/1,Delaware,285403
2022/7/2,Delaware,285403
2022/7/3,Delaware,285403
2022/7/4,Delaware,286089
2022/7/5,Delaware,286227
2022/7/6,Delaware,286412
2022/7/7,Delaware,286737
2022/7/8,Delaware,287078
2022/7/9,Delaware,287078
2022/7/10,Delaware,287078
2022/7/11,Delaware,288092
2022/7/12,Delaware,288279
2022/7/13,Delaware,288583
2022/7/14,Delaware,288583
2022/7/15,Delaware,289266
2022/7/16,Delaware,289266
2022/7/17,Delaware,289266
2022/7/18,Delaware,290110
2022/7/19,Delaware,290401
2022/7/20,Delaware,290401
2022/7/21,Delaware,291212
2022/7/22,Delaware,291619
2022/7/23,Delaware,291619
2022/7/24,Delaware,291619
2022/7/25,Delaware,292612
2022/7/26,Delaware,292852
2022/7/27,Delaware,293222
2022/7/28,Delaware,293541
2022/7/29,Delaware,294041
2022/7/30,Delaware,294041
2022/7/31,Delaware,294041
2022/8/1,Delaware,294908
2022/8/2,Delaware,295080
2022/8/3,Delaware,295460
2022/8/4,Delaware,295827
2022/8/5,Delaware,296190
2022/8/6,Delaware,296190
2022/8/7,Delaware,296190
2022/8/8,Delaware,296992
2022/8/9,Delaware,297180
2022/8/10,Delaware,297517
2022/8/11,Delaware,297879
2022/8/12,Delaware,298262
2022/8/13,Delaware,298262
2022/8/14,Delaware,298262
2022/8/15,Delaware,299087
2022/8/16,Delaware,299218
2022/8/17,Delaware,299463
2022/8/18,Delaware,299822
2022/8/19,Delaware,300245
2022/8/20,Delaware,300245
2022/8/21,Delaware,300245
2022/8/22,Delaware,300955
2022/8/23,Delaware,300955
2022/8/24,Delaware,301343
2022/8/25,Delaware,301597
2022/8/26,Delaware,301797
2022/8/27,Delaware,301797
2022/8/28,Delaware,301797
2022/8/29,Delaware,302387
2022/8/30,Delaware,302522
2022/8/31,Delaware,302738
2022/9/1,Delaware,302986
2022/9/2,Delaware,303196
2022/9/3,Delaware,303196
2022/9/4,Delaware,303196
2022/9/5,Delaware,303196
2022/9/6,Delaware,303788
2022/9/7,Delaware,303933
2022/9/8,Delaware,304172
2022/9/9,Delaware,304393
2022/9/10,Delaware,304393
2022/9/11,Delaware,304393
2022/9/12,Delaware,304962
2022/9/13,Delaware,305109
2022/9/14,Delaware,305284
2022/9/15,Delaware,305517
2022/9/16,Delaware,305772
2022/9/17,Delaware,305772
2022/9/18,Delaware,305772
2022/9/19,Delaware,306374
2022/9/20,Delaware,306522
2022/9/21,Delaware,306738
2022/9/22,Delaware,306990
2022/9/23,Delaware,307270
2022/9/24,Delaware,307270
2022/9/25,Delaware,307270
2022/9/26,Delaware,307872
2022/9/27,Delaware,308037
2022/9/28,Delaware,308252
2022/9/29,Delaware,308452
2022/9/30,Delaware,308713
2022/10/1,Delaware,308713
2022/10/2,Delaware,308713
2022/10/3,Delaware,309189
2022/10/4,Delaware,309265
2022/10/5,Delaware,309410
2022/10/6,Delaware,309804
2022/10/7,Delaware,309804
2022/10/8,Delaware,309804
2022/10/9,Delaware,309804
2022/10/10,Delaware,310450
2022/10/11,Delaware,310527
2022/10/12,Delaware,310699
2022/10/13,Delaware,310819
2022/10/14,Delaware,310993
2022/10/15,Delaware,310993
2022/10/16,Delaware,310993
2022/10/17,Delaware,311457
2022/10/18,Delaware,311538
2022/10/19,Delaware,311698
2022/10/20,Delaware,311850
2022/10/21,Delaware,312019
2022/10/22,Delaware,312019
2022/10/23,Delaware,312019
2022/10/24,Delaware,312430
2022/10/25,Delaware,312517
2022/10/26,Delaware,312655
2022/10/27,Delaware,312850
2022/10/28,Delaware,312990
2022/10/29,Delaware,312990
2022/10/30,Delaware,312990
2022/10/31,Delaware,313383
2022/11/1,Delaware,313466
2022/11/2,Delaware,313600
2022/11/3,Delaware,313751
2022/11/4,Delaware,313913
2022/11/5,Delaware,313913
2022/11/6,Delaware,313913
2022/11/7,Delaware,314303
2022/11/8,Delaware,314303
2022/11/9,Delaware,314553
2022/11/10,Delaware,314684
2022/11/11,Delaware,314684
2022/11/12,Delaware,314684
2022/11/13,Delaware,314684
2022/11/14,Delaware,315119
2022/11/15,Delaware,315172
2022/11/16,Delaware,315329
2022/11/17,Delaware,315440
2022/11/18,Delaware,315555
2022/11/19,Delaware,315555
2022/11/20,Delaware,315555
2022/11/21,Delaware,315863
2022/11/22,Delaware,315935
2022/11/23,Delaware,316046
2022/11/24,Delaware,316046
2022/11/25,Delaware,316046
2022/11/26,Delaware,316046
2022/11/27,Delaware,316046
2022/11/28,Delaware,316571
2022/11/29,Delaware,316709
2022/11/30,Delaware,316956
2022/12/1,Delaware,317174
2022/12/2,Delaware,317405
2022/12/3,Delaware,317405
2022/12/4,Delaware,317405
2022/12/5,Delaware,317885
2022/12/6,Delaware,317979
2022/12/7,Delaware,318134
2022/12/8,Delaware,318360
2022/12/9,Delaware,318567
2022/12/10,Delaware,318567
2022/12/11,Delaware,318567
2022/12/12,Delaware,318968
2022/12/13,Delaware,319063
2022/12/14,Delaware,319274
2022/12/15,Delaware,319477
2022/12/16,Delaware,319477
2022/12/17,Delaware,319477
2022/12/18,Delaware,319477
2022/12/19,Delaware,319477
2022/12/20,Delaware,319477
2022/12/21,Delaware,320581
2022/12/22,Delaware,320581
2022/12/23,Delaware,320581
2022/12/24,Delaware,320581
2022/12/25,Delaware,320581
2022/12/26,Delaware,320581
2022/12/27,Delaware,320581
2022/12/28,Delaware,321888
2022/12/29,Delaware,321888
2022/12/30,Delaware,321888
2022/12/31,Delaware,321888
2023/1/1,Delaware,321888
2023/1/2,Delaware,321888
2023/1/3,Delaware,321888
2023/1/4,Delaware,323151
2023/1/5,Delaware,323151
2023/1/6,Delaware,323151
2023/1/7,Delaware,323151
2023/1/8,Delaware,323151
2023/1/9,Delaware,323151
2023/1/10,Delaware,323151
2023/1/11,Delaware,324137
2023/1/12,Delaware,324137
2023/1/13,Delaware,324137
2023/1/14,Delaware,324137
2023/1/15,Delaware,324137
2023/1/16,Delaware,324137
2023/1/17,Delaware,324137
2023/1/18,Delaware,324137
2023/1/19,Delaware,325083
2023/1/20,Delaware,325083
2023/1/21,Delaware,325083
2023/1/22,Delaware,325083
2023/1/23,Delaware,325083
2023/1/24,Delaware,325083
2023/1/25,Delaware,325872
2023/1/26,Delaware,325872
2023/1/27,Delaware,325872
2023/1/28,Delaware,325872
2023/1/29,Delaware,325872
2023/1/30,Delaware,325872
2023/1/31,Delaware,325872
2023/2/1,Delaware,326847
2023/2/2,Delaware,326847
2023/2/3,Delaware,326847
2023/2/4,Delaware,326847
2023/2/5,Delaware,326847
2023/2/6,Delaware,326847
2023/2/7,Delaware,326847
2023/2/8,Delaware,327873
2023/2/9,Delaware,327873
2023/2/10,Delaware,327873
2023/2/11,Delaware,327873
2023/2/12,Delaware,327873
2023/2/13,Delaware,327873
2023/2/14,Delaware,327873
2023/2/15,Delaware,327873
2023/2/16,Delaware,328915
2023/2/17,Delaware,328915
2023/2/18,Delaware,328915
2023/2/19,Delaware,328915
2023/2/20,Delaware,328915
2023/2/21,Delaware,328915
2023/2/22,Delaware,330332
2023/2/23,Delaware,330332
2023/2/24,Delaware,330332
2023/2/25,Delaware,330332
2023/2/26,Delaware,330332
2023/2/27,Delaware,330332
2023/2/28,Delaware,330332
2023/3/1,Delaware,330793
2023/3/2,Delaware,330793
2023/3/3,Delaware,330793
2023/3/4,Delaware,330793
2023/3/5,Delaware,330793
2023/3/6,Delaware,330793
2023/3/7,Delaware,330793
2023/3/8,Delaware,330793
2023/3/9,Delaware,330793
2023/3/10,Delaware,332158
2023/3/11,Delaware,332158
2023/3/12,Delaware,332158
2023/3/13,Delaware,332158
2023/3/14,Delaware,332158
2023/3/15,Delaware,332526
2023/3/16,Delaware,332526
2023/3/17,Delaware,332526
2023/3/18,Delaware,332526
2023/3/19,Delaware,332526
2023/3/20,Delaware,332526
2023/3/21,Delaware,332526
2023/3/22,Delaware,332861
2023/3/23,Delaware,332861
